Date,HomeTeam,AwayTeam,TotalCorners,Predicted,Residual
2025-08-15,Liverpool,Bournemouth,13,10.543037,2.4569625854492188
2025-08-16,Wolves,Man City,10,10.218828,-0.2188282012939453
2025-08-16,Tottenham,Burnley,11,10.388833,0.6111669540405273
2025-08-16,Brighton,Fulham,7,10.459557,-3.4595565795898438
2025-08-16,Aston Villa,Newcastle,9,10.619234,-1.6192340850830078
2025-08-17,Chelsea,Crystal Palace,13,10.412606,2.5873937606811523
2025-08-17,Nott'm Forest,Brentford,10,10.378078,-0.3780784606933594
2025-08-17,Man United,Arsenal,7,10.39666,-3.3966598510742188
2025-08-18,Leeds,Everton,9,10.439444,-1.439443588256836
2025-08-22,West Ham,Chelsea,12,10.230442,1.7695579528808594
2025-08-23,Man City,Tottenham,9,10.347539,-1.347538948059082
2025-08-23,Bournemouth,Wolves,11,10.374197,0.6258029937744141
2025-08-23,Brentford,Aston Villa,11,10.534386,0.46561431884765625
2025-08-23,Arsenal,Leeds,4,10.318471,-6.3184709548950195
2025-08-24,Everton,Brighton,4,10.342849,-6.342848777770996
2025-08-24,Fulham,Man United,15,10.352763,4.6472368240356445
2025-08-24,Crystal Palace,Nott'm Forest,4,10.388833,-6.388833045959473
2025-08-25,Newcastle,Liverpool,8,10.633926,-2.6339263916015625
2025-08-30,Chelsea,Fulham,10,10.280343,-0.28034305572509766
2025-08-30,Man United,Burnley,8,10.51507,-2.5150699615478516
2025-08-30,Tottenham,Bournemouth,8,10.374197,-2.374197006225586
2025-08-30,Wolves,Everton,4,10.38396,-6.383959770202637
2025-08-30,Leeds,Newcastle,10,10.376764,-0.37676429748535156
2025-08-31,Brighton,Man City,5,10.503204,-5.503204345703125
2025-08-31,Nott'm Forest,West Ham,16,10.372784,5.627216339111328
2025-08-31,Liverpool,Arsenal,11,10.484745,0.5152549743652344
2025-08-31,Aston Villa,Crystal Palace,11,10.764557,0.235443115234375
2025-09-13,Brentford,Chelsea,11,10.300324,0.6996755599975586
2025-09-13,West Ham,Tottenham,15,10.114454,4.88554573059082
2025-09-13,Fulham,Leeds,6,10.38396,-4.383959770202637
2025-09-13,Newcastle,Wolves,14,10.376741,3.623258590698242
2025-09-13,Bournemouth,Brighton,8,10.336967,-2.3369674682617188
2025-09-13,Arsenal,Nott'm Forest,12,10.38396,1.6160402297973633
2025-09-13,Everton,Aston Villa,13,10.373589,2.6264114379882812
2025-09-14,Burnley,Liverpool,14,10.310022,3.6899776458740234
2025-09-14,Man City,Man United,6,10.588335,-4.588335037231445
2025-09-20,Fulham,Brentford,12,10.31259,1.6874103546142578
2025-09-20,Man United,Chelsea,10,10.553866,-0.5538663864135742
2025-09-20,Wolves,Leeds,4,10.352763,-6.3527631759643555
2025-09-20,West Ham,Crystal Palace,16,10.382952,5.617048263549805
2025-09-20,Burnley,Nott'm Forest,9,10.442253,-1.4422531127929688
2025-09-20,Brighton,Tottenham,12,10.31035,1.6896495819091797
2025-09-20,Liverpool,Everton,9,10.480566,-1.4805660247802734
2025-09-21,Bournemouth,Newcastle,7,10.4110565,-3.4110565185546875
2025-09-21,Arsenal,Man City,13,10.034576,2.965423583984375
2025-09-27,Tottenham,Wolves,19,10.376764,8.623235702514648
2025-09-27,Man City,Burnley,12,10.36835,1.6316499710083008
2025-09-27,Brentford,Man United,6,10.510414,-4.510414123535156
2025-09-27,Crystal Palace,Liverpool,8,10.453241,-2.4532413482666016
2025-09-27,Chelsea,Brighton,12,10.362223,1.637777328491211
2025-09-27,Leeds,Bournemouth,11,10.339905,0.66009521484375
2025-09-28,Aston Villa,Fulham,10,10.460405,-0.4604053497314453
2025-09-28,Newcastle,Arsenal,19,10.130247,8.869752883911133
2025-09-29,Everton,West Ham,8,10.38115,-2.381150245666504
2025-10-03,Bournemouth,Fulham,7,10.342849,-3.342848777770996
2025-10-04,Leeds,Tottenham,5,10.281611,-5.281611442565918
2025-10-04,Arsenal,West Ham,11,10.38115,0.6188497543334961
2025-10-04,Chelsea,Liverpool,9,10.371471,-1.3714714050292969
2025-10-05,Wolves,Brighton,10,10.401142,-0.4011421203613281
2025-10-05,Brentford,Man City,5,10.530765,-5.530764579772949
2025-10-05,Newcastle,Nott'm Forest,9,10.38396,-1.3839597702026367
2025-10-05,Aston Villa,Burnley,10,10.38396,-0.3839597702026367
2025-10-05,Everton,Crystal Palace,6,10.382952,-4.382951736450195
2025-10-18,Nott'm Forest,Chelsea,7,10.352763,-3.3527631759643555
2025-10-18,Brighton,Newcastle,12,10.177302,1.822697639465332
2025-10-18,Burnley,Leeds,6,10.172748,-4.172747611999512
2025-10-18,Crystal Palace,Bournemouth,11,10.400583,0.5994167327880859
2025-10-18,Man City,Everton,14,10.47332,3.5266799926757812
2025-10-18,Fulham,Arsenal,16,10.302437,5.697563171386719
2025-10-19,Tottenham,Aston Villa,12,10.374815,1.6251850128173828
2025-10-19,Liverpool,Man United,13,10.228336,2.7716636657714844
2025-10-20,West Ham,Brentford,16,10.338409,5.661590576171875
2025-10-24,Leeds,West Ham,7,10.22627,-3.2262697219848633
2025-10-25,Man United,Brighton,7,10.440743,-3.4407434463500977
2025-10-25,Brentford,Liverpool,9,10.569736,-1.5697355270385742
2025-10-25,Newcastle,Fulham,7,10.362223,-3.362222671508789
2025-10-26,Arsenal,Crystal Palace,7,10.469268,-3.4692678451538086
2025-10-26,Aston Villa,Man City,11,10.359059,0.6409406661987305
2025-10-26,Bournemouth,Nott'm Forest,10,10.351428,-0.3514280319213867
2025-10-26,Wolves,Burnley,8,10.38396,-2.3839597702026367
2025-10-26,Everton,Tottenham,17,10.308557,6.69144344329834
2025-11-01,Liverpool,Aston Villa,5,10.499575,-5.499574661254883
2025-11-01,Tottenham,Chelsea,11,10.38115,0.6188497543334961
2025-11-01,Nott'm Forest,Man United,13,10.4110565,2.5889434814453125
2025-11-01,Crystal Palace,Brentford,11,10.023684,0.9763164520263672
2025-11-01,Burnley,Arsenal,7,10.281611,-3.281611442565918
2025-11-01,Brighton,Leeds,11,10.758083,0.24191665649414062
2025-11-01,Fulham,Wolves,11,10.314134,0.6858663558959961
2025-11-02,West Ham,Newcastle,13,10.3495,2.6505002975463867
2025-11-02,Man City,Bournemouth,14,10.429506,3.570493698120117
2025-11-08,Chelsea,Wolves,11,10.614933,0.3850669860839844
2025-11-08,Sunderland,Arsenal,4,10.264734,-6.264734268188477
2025-11-08,Everton,Fulham,12,10.487208,1.512791633605957
2025-11-08,Tottenham,Man United,8,10.48752,-2.487520217895508
2025-11-08,West Ham,Burnley,11,10.442253,0.5577468872070312
2025-11-09,Aston Villa,Bournemouth,15,10.241816,4.758184432983398
2025-11-09,Brentford,Newcastle,8,10.567413,-2.567413330078125
2025-11-09,Crystal Palace,Brighton,12,10.277906,1.7220935821533203
2025-11-09,Nott'm Forest,Leeds,10,10.374847,-0.374847412109375
2025-11-09,Man City,Liverpool,14,10.666897,3.3331031799316406
2025-11-22,Burnley,Chelsea,10,10.38115,-0.3811502456665039
2025-11-22,Bournemouth,West Ham,11,10.352763,0.6472368240356445
2025-11-22,Brighton,Brentford,11,10.023684,0.9763164520263672
2025-11-22,Fulham,Sunderland,11,10.380696,0.6193037033081055
2025-11-22,Liverpool,Nott'm Forest,14,10.503487,3.4965133666992188
2025-11-22,Wolves,Crystal Palace,5,10.351755,-5.351755142211914
2025-11-22,Newcastle,Man City,14,10.991491,3.0085086822509766
2025-11-23,Leeds,Aston Villa,6,10.59861,-4.598609924316406
2025-11-23,Arsenal,Tottenham,5,10.308557,-5.30855655670166
2025-11-24,Man United,Everton,10,10.712601,-0.7126007080078125
2025-11-29,Brentford,Burnley,11,10.603612,0.39638805389404297
2025-11-29,Man City,Leeds,9,10.460405,-1.4604053497314453
2025-11-29,Sunderland,Bournemouth,9,10.346882,-1.3468818664550781
2025-11-29,Everton,Newcastle,15,10.3152075,4.684792518615723
2025-11-29,Tottenham,Fulham,10,10.302437,-0.30243682861328125
2025-11-30,Crystal Palace,Man United,8,10.461725,-2.4617252349853516
2025-11-30,Aston Villa,Wolves,10,10.474864,-0.47486400604248047
2025-11-30,Nott'm Forest,Brighton,11,10.574007,0.4259929656982422
2025-11-30,West Ham,Liverpool,9,10.413208,-1.4132080078125
2025-11-30,Chelsea,Arsenal,6,10.537639,-4.5376386642456055
2025-12-02,Bournemouth,Everton,7,10.480566,-3.4805660247802734
2025-12-02,Fulham,Man City,9,10.376764,-1.3767642974853516
2025-12-02,Newcastle,Tottenham,19,10.278068,8.721932411193848
2025-12-03,Leeds,Chelsea,6,10.401142,-4.401142120361328
2025-12-03,Liverpool,Sunderland,10,10.38396,-0.3839597702026367
2025-12-03,Wolves,Nott'm Forest,12,10.230321,1.769679069519043
2025-12-03,Arsenal,Brentford,12,10.341514,1.6584863662719727
2025-12-03,Brighton,Aston Villa,11,10.713432,0.28656768798828125
2025-12-03,Burnley,Crystal Palace,7,10.164832,-3.16483211517334
2025-12-04,Man United,West Ham,12,10.53053,1.4694700241088867
2025-12-06,Aston Villa,Arsenal,6,10.260693,-4.260692596435547
2025-12-06,Bournemouth,Chelsea,5,10.340586,-5.340585708618164
2025-12-06,Everton,Nott'm Forest,9,10.279284,-1.2792835235595703
2025-12-06,Man City,Sunderland,11,10.622745,0.3772554397583008
2025-12-06,Newcastle,Burnley,18,10.47332,7.526679992675781
2025-12-06,Tottenham,Brentford,13,10.346882,2.653118133544922
2025-12-06,Leeds,Liverpool,9,10.5382395,-1.5382394790649414
2025-12-07,Brighton,West Ham,16,10.664208,5.33579158782959
2025-12-07,Fulham,Crystal Palace,10,10.342849,-0.3428487777709961
2025-12-08,Wolves,Man United,10,10.383321,-0.38332080841064453
2025-12-13,Arsenal,Wolves,8,10.47332,-2.4733200073242188
2025-12-13,Burnley,Fulham,14,10.248337,3.7516632080078125
2025-12-13,Chelsea,Everton,11,10.470057,0.5299434661865234
2025-12-13,Liverpool,Brighton,4,10.178626,-6.17862606048584
2025-12-14,Crystal Palace,Man City,4,10.41593,-6.415929794311523
2025-12-14,Nott'm Forest,Tottenham,6,10.364812,-4.364811897277832
2025-12-14,Sunderland,Newcastle,9,10.4110565,-1.4110565185546875
2025-12-14,West Ham,Aston Villa,8,10.417368,-2.417367935180664
2025-12-14,Brentford,Leeds,3,10.430887,-7.430887222290039
2025-12-15,Man United,Bournemouth,9,10.52772,-1.5277204513549805
2025-12-20,Everton,Arsenal,5,10.262295,-5.262294769287109
2025-12-20,Newcastle,Chelsea,10,11.039154,-1.039154052734375
2025-12-20,Bournemouth,Burnley,8,10.31035,-2.3103504180908203
2025-12-20,Brighton,Sunderland,7,10.47332,-3.4733200073242188
2025-12-20,Man City,West Ham,6,10.47332,-4.473320007324219
2025-12-20,Wolves,Brentford,7,10.31259,-3.312589645385742
2025-12-20,Tottenham,Liverpool,8,10.785686,-2.7856855392456055
2025-12-20,Leeds,Crystal Palace,14,10.514853,3.485147476196289
2025-12-21,Aston Villa,Man United,10,10.748239,-0.7482385635375977
2025-12-22,Fulham,Nott'm Forest,6,10.460109,-4.460108757019043
2025-12-26,Man United,Newcastle,13,10.404433,2.595566749572754
2025-12-27,Nott'm Forest,Man City,10,10.521501,-0.5215005874633789
2025-12-27,Arsenal,Brighton,9,10.492029,-1.4920291900634766
2025-12-27,Brentford,Bournemouth,17,10.38396,6.616040229797363
2025-12-27,Burnley,Everton,11,10.50285,0.4971504211425781
2025-12-27,Liverpool,Wolves,10,10.146409,-0.1464090347290039
2025-12-27,West Ham,Fulham,9,10.518402,-1.518402099609375
2025-12-27,Chelsea,Aston Villa,13,10.330962,2.6690378189086914
2025-12-28,Sunderland,Leeds,12,10.485603,1.5143966674804688
2025-12-28,Crystal Palace,Tottenham,5,10.38396,-5.383959770202637
2025-12-30,Man United,Wolves,12,10.45822,1.5417804718017578
2025-12-30,West Ham,Brighton,10,10.595868,-0.5958681106567383
2025-12-30,Arsenal,Aston Villa,6,10.219534,-4.219533920288086
2025-12-30,Chelsea,Bournemouth,15,10.733388,4.2666120529174805
2025-12-30,Burnley,Newcastle,7,10.31259,-3.312589645385742
2025-12-30,Nott'm Forest,Everton,11,10.347751,0.6522493362426758
2026-01-01,Crystal Palace,Fulham,9,10.388833,-1.3888330459594727
2026-01-01,Liverpool,Leeds,11,10.194495,0.8055047988891602
2026-01-01,Brentford,Tottenham,4,10.566904,-6.566904067993164
2026-01-01,Sunderland,Man City,8,10.315904,-2.315903663635254
2026-01-03,Bournemouth,Arsenal,12,10.13266,1.867340087890625
2026-01-03,Wolves,West Ham,13,10.364205,2.6357946395874023
2026-01-03,Brighton,Burnley,8,10.53053,-2.5305299758911133
2026-01-03,Aston Villa,Nott'm Forest,8,10.288651,-2.288651466369629
2026-01-04,Fulham,Liverpool,11,10.352763,0.6472368240356445
2026-01-04,Leeds,Man United,10,10.59131,-0.5913095474243164
2026-01-04,Everton,Brentford,9,10.352763,-1.3527631759643555
2026-01-04,Newcastle,Crystal Palace,14,10.425371,3.5746288299560547
2026-01-04,Tottenham,Sunderland,8,10.38396,-2.3839597702026367
2026-01-04,Man City,Chelsea,10,10.750783,-0.7507829666137695
